[Header],
FileFormatVersion,2
RunName,20260618_ILMN_Betelgeuse_Preval
InstrumentPlatform,NovaSeqXSeries
IndexOrientation,Forward

[Reads]
Read1Cycles,151
Read2Cycles,151
Index1Cycles,10
Index2Cycles,10

[BCLConvert_Settings]
SoftwareVersion,4.3.16
OverrideCycles,Y151;I10;I10;Y151
FastqCompressionFormat,gzip
GenerateFastqcMetrics,false

[BCLConvert_Data]
Sample_ID,Index,Index2
NA05067,AGAGCATTTA,CCATAAAGGA
NA10798,TCCCTATCAT,TTACAAACCG
NA13189,GCATGAGCCT,TTGAATCTAA
NA14732,AAGCAATGAA,AACTCAGACT
NA14733,CCCTATGTGT,AACCTGAACA
NA15603,GTAAATGATC,GTGACGACGG
NA15848,AAACTCCACG,GTAAGTGCTA
NA15849,CATCTACGAT,CCCAAGCCTC
NA20027,ATATGTTCGC,CACCAAGAGA
NA20230,TCGTCGAAGC,CATAATACCG
NA19235,GTTCCGCCAG,CCACATTATT
NA20775,CCTCAGAAAT,TGCCTCGTAG
NA23687,GCCGATACAG,TCGGTCTGAG
HG001,CGTCAATTTG,CGAGATGGAG
HG002,AAGTTTAGTC,ACCGATTAGA
HG003,GCTGTCTATG,GAGAAACTTA
HG004,GACCTGATGT,AAACACAAAG
HG005,CAGCCTATGC,TCAACGCAGC
HG006,GTGATGTAAA,GTTTAGAGCA
HG007,TCTTCAACCT,ACATTCTAGC
NTC,GATGGAGTGA,GAGGTCTTAT

[Cloud_Settings]
GeneratedVersion,2.7.0.202411112342

[Cloud_Data]
Sample_ID,ProjectName,LibraryName,LibraryPrepKitName,IndexAdapterKitName
NA05067,20260618_ILMN_Betelgeuse_Preval_2026-06-18T18_37_03_6592a3b,NA05067_AGAGCATTTA_CCATAAAGGA,,
NA10798,20260618_ILMN_Betelgeuse_Preval_2026-06-18T18_37_03_6592a3b,NA10798_TCCCTATCAT_TTACAAACCG,,
NA13189,20260618_ILMN_Betelgeuse_Preval_2026-06-18T18_37_03_6592a3b,NA13189_GCATGAGCCT_TTGAATCTAA,,
NA14732,20260618_ILMN_Betelgeuse_Preval_2026-06-18T18_37_03_6592a3b,NA14732_AAGCAATGAA_AACTCAGACT,,
NA14733,20260618_ILMN_Betelgeuse_Preval_2026-06-18T18_37_03_6592a3b,NA14733_CCCTATGTGT_AACCTGAACA,,
NA15603,20260618_ILMN_Betelgeuse_Preval_2026-06-18T18_37_03_6592a3b,NA15603_GTAAATGATC_GTGACGACGG,,
NA15848,20260618_ILMN_Betelgeuse_Preval_2026-06-18T18_37_03_6592a3b,NA15848_AAACTCCACG_GTAAGTGCTA,,
NA15849,20260618_ILMN_Betelgeuse_Preval_2026-06-18T18_37_03_6592a3b,NA15849_CATCTACGAT_CCCAAGCCTC,,
NA20027,20260618_ILMN_Betelgeuse_Preval_2026-06-18T18_37_03_6592a3b,NA20027_ATATGTTCGC_CACCAAGAGA,,
NA20230,20260618_ILMN_Betelgeuse_Preval_2026-06-18T18_37_03_6592a3b,NA20230_TCGTCGAAGC_CATAATACCG,,
NA19235,20260618_ILMN_Betelgeuse_Preval_2026-06-18T18_37_03_6592a3b,NA19235_GTTCCGCCAG_CCACATTATT,,
NA20775,20260618_ILMN_Betelgeuse_Preval_2026-06-18T18_37_03_6592a3b,NA20775_CCTCAGAAAT_TGCCTCGTAG,,
NA23687,20260618_ILMN_Betelgeuse_Preval_2026-06-18T18_37_03_6592a3b,NA23687_GCCGATACAG_TCGGTCTGAG,,
HG001,20260618_ILMN_Betelgeuse_Preval_2026-06-18T18_37_03_6592a3b,HG001_CGTCAATTTG_CGAGATGGAG,,
HG002,20260618_ILMN_Betelgeuse_Preval_2026-06-18T18_37_03_6592a3b,HG002_AAGTTTAGTC_ACCGATTAGA,,
HG003,20260618_ILMN_Betelgeuse_Preval_2026-06-18T18_37_03_6592a3b,HG003_GCTGTCTATG_GAGAAACTTA,,
HG004,20260618_ILMN_Betelgeuse_Preval_2026-06-18T18_37_03_6592a3b,HG004_GACCTGATGT_AAACACAAAG,,
HG005,20260618_ILMN_Betelgeuse_Preval_2026-06-18T18_37_03_6592a3b,HG005_CAGCCTATGC_TCAACGCAGC,,
HG006,20260618_ILMN_Betelgeuse_Preval_2026-06-18T18_37_03_6592a3b,HG006_GTGATGTAAA_GTTTAGAGCA,,
HG007,20260618_ILMN_Betelgeuse_Preval_2026-06-18T18_37_03_6592a3b,HG007_TCTTCAACCT_ACATTCTAGC,,
NTC,20260618_ILMN_Betelgeuse_Preval_2026-06-18T18_37_03_6592a3b,NTC_GATGGAGTGA_GAGGTCTTAT,,

